{"format":2,"version":"7.3.4","globals":"54f227e516abe37c03f4bb6295bcf432","files":{"d_b3a86b877a493d76___init___py":{"hash":"3c77fc9ef7f887ac2508d4109cf92472","index":{"nums":[0,1,0,0,0,0,0,0],"html_filename":"d_b3a86b877a493d76___init___py.html","relative_filename":"app_todo/__init__.py"}},"d_b3a86b877a493d76_admin_py":{"hash":"3481927d647bca805abffa1dce7ed030","index":{"nums":[0,1,11,0,0,0,0,0],"html_filename":"d_b3a86b877a493d76_admin_py.html","relative_filename":"app_todo/admin.py"}},"d_b3a86b877a493d76_apps_py":{"hash":"277c7dcbed0939e6803548ee11a2c8b9","index":{"nums":[0,1,4,0,0,0,0,0],"html_filename":"d_b3a86b877a493d76_apps_py.html","relative_filename":"app_todo/apps.py"}},"d_3887cda3897d5d6e_0001_initial_py":{"hash":"a6b79acff8da7274131fea97d5564e11","index":{"nums":[0,1,5,0,0,0,0,0],"html_filename":"d_3887cda3897d5d6e_0001_initial_py.html","relative_filename":"app_todo/migrations/0001_initial.py"}},"d_3887cda3897d5d6e_0002_alter_todo_details_status_py":{"hash":"46255efdf797e1242e978d07885e49a0","index":{"nums":[0,1,4,0,0,0,0,0],"html_filename":"d_3887cda3897d5d6e_0002_alter_todo_details_status_py.html","relative_filename":"app_todo/migrations/0002_alter_todo_details_status.py"}},"d_3887cda3897d5d6e_0003_rename_todo_details_tododetails_py":{"hash":"a318aed2297eebf31c726e570cc02f16","index":{"nums":[0,1,4,0,0,0,0,0],"html_filename":"d_3887cda3897d5d6e_0003_rename_todo_details_tododetails_py.html","relative_filename":"app_todo/migrations/0003_rename_todo_details_tododetails.py"}},"d_3887cda3897d5d6e_0004_alter_tododetails_due_date_alter_tododetails_tag_py":{"hash":"3a4b6dcdc90e36a4f1823e7b585de405","index":{"nums":[0,1,4,0,0,0,0,0],"html_filename":"d_3887cda3897d5d6e_0004_alter_tododetails_due_date_alter_tododetails_tag_py.html","relative_filename":"app_todo/migrations/0004_alter_tododetails_due_date_alter_tododetails_tag.py"}},"d_3887cda3897d5d6e_0005_alter_tododetails_tag_py":{"hash":"855835d174d4c0257e6e9f0a8b9c7a17","index":{"nums":[0,1,4,0,0,0,0,0],"html_filename":"d_3887cda3897d5d6e_0005_alter_tododetails_tag_py.html","relative_filename":"app_todo/migrations/0005_alter_tododetails_tag.py"}},"d_3887cda3897d5d6e_0006_alter_tododetails_due_date_py":{"hash":"23bf83dc4e4ed3b0a379e3a158b9e7c0","index":{"nums":[0,1,4,0,0,0,0,0],"html_filename":"d_3887cda3897d5d6e_0006_alter_tododetails_due_date_py.html","relative_filename":"app_todo/migrations/0006_alter_tododetails_due_date.py"}},"d_3887cda3897d5d6e___init___py":{"hash":"3c77fc9ef7f887ac2508d4109cf92472","index":{"nums":[0,1,0,0,0,0,0,0],"html_filename":"d_3887cda3897d5d6e___init___py.html","relative_filename":"app_todo/migrations/__init__.py"}},"d_b3a86b877a493d76_models_py":{"hash":"690ca825a09e564a61fb02ee53ec957d","index":{"nums":[0,1,21,0,1,0,0,0],"html_filename":"d_b3a86b877a493d76_models_py.html","relative_filename":"app_todo/models.py"}},"d_b3a86b877a493d76_serializers_py":{"hash":"dcc1f7a8dab75c85c61ab492c6c5699d","index":{"nums":[0,1,10,0,0,0,0,0],"html_filename":"d_b3a86b877a493d76_serializers_py.html","relative_filename":"app_todo/serializers.py"}},"d_b3a86b877a493d76_tests_py":{"hash":"a2f78959ef9a9e392479492ab6463283","index":{"nums":[0,1,76,0,0,0,0,0],"html_filename":"d_b3a86b877a493d76_tests_py.html","relative_filename":"app_todo/tests.py"}},"d_b3a86b877a493d76_views_py":{"hash":"86da0b209112a152e18de6013fd4d039","index":{"nums":[0,1,12,0,0,0,0,0],"html_filename":"d_b3a86b877a493d76_views_py.html","relative_filename":"app_todo/views.py"}},"manage_py":{"hash":"1c6843c03b41d7065b0f348bf95c59cc","index":{"nums":[0,1,12,0,2,0,0,0],"html_filename":"manage_py.html","relative_filename":"manage.py"}},"d_48c701f80d07664e___init___py":{"hash":"3c77fc9ef7f887ac2508d4109cf92472","index":{"nums":[0,1,0,0,0,0,0,0],"html_filename":"d_48c701f80d07664e___init___py.html","relative_filename":"todo/__init__.py"}},"d_48c701f80d07664e_settings_py":{"hash":"0904857d041961f70e0e28fa6e95a0f0","index":{"nums":[0,1,19,0,0,0,0,0],"html_filename":"d_48c701f80d07664e_settings_py.html","relative_filename":"todo/settings.py"}},"d_48c701f80d07664e_urls_py":{"hash":"2fb06abc4ed9a51f478380cd02743925","index":{"nums":[0,1,8,0,0,0,0,0],"html_filename":"d_48c701f80d07664e_urls_py.html","relative_filename":"todo/urls.py"}}}}